SettlementPoint,Year,HourlyVolatility
HB_SOUTH,2016,0.20902615565426785
HB_WEST,2017,0.24762755114220208
HB_WEST,2018,0.30251162890279243
HB_PAN,2019,0.631634530502214
